{
  "$schema": "./mfboard.schema.json",
  "AvrDudeSettings": {
    "Device": "ESP32-S3 DevKitC1",
    "BaudRate": "115200",
    "Programmer": "arduino",
    "Timeout": 15000
  },
  "Connection": {
    "ConnectionDelay": 1250,
    "DelayAfterFirmwareUpdate": 1250,
    "DtrEnable": true,
    "EEPROMSize": 1496,
    "ExtraConnectionRetry": false,
    "ForceResetOnFirmwareUpdate": true,
    "MessageSize": 90
  },
  "HardwareIds": [
    "^VID_303A&PID_1001",
    "^VID_303A\\+PID_1001\\+.+"
  ],
  "Info": {
    "CanInstallFirmware": true,
    "CanResetBoard": true,
    "DelayAfterFirmwareUpdate": 0,
    "FirmwareBaseName": "Turn_Coordinator_esp32s3",
    "FirmwareExtension": "bin",
    "FriendlyName": "Turn Coordinator ESP32-S3",
    "LatestFirmwareVersion": "2.5.2",
    "MobiFlightType": "Turn_Coordinator_ESP32-S3",
    "ResetFirmwareFile": "reset.raspberry_pico_flash_nuke.uf2",
    "CustomDeviceTypes": [
      "Turn_Coordinator"
    ],
    "Community": {
      "Project": "Turn Coordinator ESP32-S3",
      "Website": "https://www.youtube.com/channel/UCFSyaCJK2cgowmSb3v3u2Ow",
      "Docs": "https://github.com/savesabanal01/Mobiflight-Turn_Coordinator_ESP32-S3/tree/Turn_Coordinator",
      "Support": "https://discord.com/invite/99vHbK7"
    }
  },
  "ModuleLimits": {
    "MaxAnalogInputs": 18,
    "MaxInputShifters": 4,
    "MaxButtons": 27,
    "MaxEncoders": 20,
    "MaxLcdI2C": 2,
    "MaxLedSegments": 4,
    "MaxOutputs": 27,
    "MaxServos": 10,
    "MaxShifters": 4,
    "MaxSteppers": 10,
    "MaxInputMultiplexer": 2,
    "MaxCustomDevices": 5
  },
  "Pins": [
    {
      "isAnalog": true,
      "isI2C": false,
      "isPWM": true,
      "Name": "A0",
      "Pin": 1
    },
    {
      "isAnalog": true,
      "isI2C": false,
      "isPWM": true,
      "Name": "A1",
      "Pin": 2
    },
    {
      "isAnalog": true,
      "isI2C": false,
      "isPWM": true,
      "Name": "A2",
      "Pin": 3
    },
    {
      "isAnalog": true,
      "isI2C": false,
      "isPWM": true,
      "Name": "A3",
      "Pin": 4
    },
    {
      "isAnalog": true,
      "isI2C": false,
      "isPWM": true,
      "Name": "A4",
      "Pin": 5
    },
    {
      "isAnalog": true,
      "isI2C": false,
      "isPWM": true,
      "Name": "A5",
      "Pin": 6
    },
    {
      "isAnalog": true,
      "isI2C": false,
      "isPWM": true,
      "Name": "A6",
      "Pin": 7
    },
    {
      "isAnalog": true,
      "isI2C": true,
      "isPWM": true,
      "Name": "A7",
      "Pin": 8
    },
    {
      "isAnalog": true,
      "isI2C": true,
      "isPWM": true,
      "Name": "A8",
      "Pin": 9
    },
    {
      "isAnalog": true,
      "isI2C": false,
      "isPWM": true,
      "Name": "A9",
      "Pin": 10
    },
    {
      "isAnalog": true,
      "isI2C": false,
      "isPWM": true,
      "Name": "A10",
      "Pin": 11
    },
    {
      "isAnalog": true,
      "isI2C": false,
      "isPWM": true,
      "Name": "A11",
      "Pin": 12
    },
    {
      "isAnalog": true,
      "isI2C": false,
      "isPWM": true,
      "Name": "A12",
      "Pin": 13
    },
    {
      "isAnalog": true,
      "isI2C": false,
      "isPWM": true,
      "Name": "A13",
      "Pin": 14
    },
    {
      "isAnalog": true,
      "isI2C": false,
      "isPWM": true,
      "Name": "A14",
      "Pin": 15
    },
    {
      "isAnalog": true,
      "isI2C": false,
      "isPWM": true,
      "Name": "A15",
      "Pin": 16
    },
    {
      "isAnalog": true,
      "isI2C": false,
      "isPWM": true,
      "Name": "A16",
      "Pin": 17
    },
    {
      "isAnalog": true,
      "isI2C": false,
      "isPWM": true,
      "Name": "A17",
      "Pin": 18
    },
    {
      "isAnalog": false,
      "isI2C": false,
      "isPWM": true,
      "Pin": 21
    },
    {
      "isAnalog": false,
      "isI2C": false,
      "isPWM": true,
      "Pin": 35
    },
    {
      "isAnalog": false,
      "isI2C": false,
      "isPWM": true,
      "Pin": 36
    },
    {
      "isAnalog": false,
      "isI2C": false,
      "isPWM": true,
      "Pin": 37
    },
    {
      "isAnalog": false,
      "isI2C": false,
      "isPWM": true,
      "Pin": 38
    },
    {
      "isAnalog": false,
      "isI2C": false,
      "isPWM": true,
      "Pin": 39
    },
    {
      "isAnalog": false,
      "isI2C": false,
      "isPWM": true,
      "Pin": 40
    },
    {
      "isAnalog": false,
      "isI2C": false,
      "isPWM": true,
      "Pin": 41
    },
    {
      "isAnalog": false,
      "isI2C": false,
      "isPWM": true,
      "Pin": 42
    }
  ]
}